cluster,name,distance
0,Asleep In My Arms,0.8964480225986963
0,Endless,1.0346152052211077
0,Beowulf's Reward - The Coming Of The Dragon,1.1436109640877277
0,Moments Passing,1.3214132571619728
0,The Dying Detective,1.3629172628314392
0,Phone Call,1.637902840865655
0,As She Rises,1.6754400254179531
0,Carry Me,1.6762974882128976
0,Graveyard Weedwacker,1.7851882073503746
0,Heavenly Rain,1.890795370913905
0,Lasiurus,1.960502544886618
0,"20,000 Leagues Under The Sea: Chapter 6, Atlantis To The Pole",2.0817055818386874
0,"Metamorphoses, Op. 16",2.0979815105823887
0,Midnight Moon,2.1654073910576686
0,Carmen - Entr'acte before Act 3,2.1773192023227788
0,06 In the Home,2.1969335802335594
0,Reach,2.3256245716133215
0,Possibilities,2.3471766171367334
0,"Diabelli Variations - 33 Variations on a Waltz by Anton Diabelli, Op. 120: Var. 27 - Vivace",2.4260678351410534
0,Point Shirley,2.46592043081683
0,Cry Me a River,2.4667353798813814
0,Old Woman of the Roads,2.503868805435148
0,Sleep Little Hero,2.5094247954338536
0,"3 Lyrics of Edna St. Vincent Millay: No. 3, Afternoon on a Hill",2.5235068496351345
0,The Little Red Hen (Story),2.5989046821145156
0,The Story of Grandmere - Instrumental,2.6180747964381244
0,Mary is Dead,2.6313435484521692
0,Six Napoleons Chapter 3,2.6580118189491024
0,"Psalm 43, ""Give sentence with me, O God, and defend my cause against the ungodly people""",2.692739338258914
0,"Flow, my tears",2.708927585711649
1,Power Rush,0.6455463954888718
1,Por Telefone,0.938400922359232
1,Pot of Gold,0.9488978315495363
1,Suck You Dry - 2008 Remaster,1.0383751104354322
1,Down to the River,1.0698330844008956
1,Solecito,1.1277394161895047
1,I'll Be Fine,1.1772551624143686
1,Te Venero,1.2017907098340077
1,Be Careful,1.2023564066489887
1,LYA,1.2248788186610327
1,Don't Let The Green Grass Fool You,1.245594686702666
1,Keeping Up,1.297394981529662
1,Peaceful Warrior,1.3038940586309076
1,Til Dem,1.3218820783419005
1,Sweet Sunshine,1.3764715164225352
1,Madison Square,1.430747043738367
1,Word's Out,1.4445870388468356
1,The Very Next Thing,1.475629269608156
1,Ricky's Got a Secret,1.4804298066815773
1,Glory (Let There Be Peace),1.5118385732193316
1,El muchacho chicho,1.5168408005475034
1,Good Vibes,1.5277708656843252
1,I Go to Sleep - 2006 Remaster,1.5474714245445123
1,Where's My Dini?,1.5872047248907306
1,I Choose You,1.6372147831441222
1,Statements (feat. Bushido),1.6394883357811316
1,Do What You Want,1.6468555747892284
1,Exode,1.6672147984112393
1,ASTROTHUNDER,1.6946017052363005
1,Let Me Hold You,1.7072339318107022
2,Bring Me a Fire King,0.3931547046095819
2,Island in the Sun,0.3968265293691344
2,Doosri Darling,0.41728773750176695
2,Sour Times,0.4323479006193562
2,New Sky,0.499101170089329
2,Mars,0.5005475277840249
2,Well Enough Alone,0.5051130008756957
2,Call Me When,0.5214551679183593
2,Ticking,0.5287025950761312
2,LG,0.5462095211892232
2,Alas,0.5921431207173699
2,Figure It Out - Milwin Remix,0.6307614116509852
2,All of My Teenage Crimes,0.6496544510272555
2,The Love You Got - French Remix Radio Edit,0.6533829041861252
2,Lola's Theme Recut,0.6619956761072014
2,Time of Our Lives (feat. Jake Coco),0.6973363628314999
2,The Murderer,0.7067626436434719
2,I Will Find,0.7249348774253194
2,Lost (feat. Chelsea Jade) [Dillon Nathaniel Remix],0.7634098414983248
2,Me Roar - Format:B Remix,0.7870726236887131
2,Devil in a Blue Dress,0.7919654238238878
2,Iwas Joch,0.7981605521820132
2,Keep On Loving You,0.8137305101178299
2,005A1,0.8332796692233554
2,Drop Dead,0.900882829281069
2,downforwhatever,0.9040693924913933
2,Kiss Me Forever,0.913816730403528
2,Slow - Superlover Remix,0.9186036301216011
2,BHUTIZA,0.9544084880144554
2,Eh Yaweh,0.9760797456264739
3,867-5309 / Jenny,0.3036208824506981
3,"What I Once Knew, I Know Now",0.5808238553103752
3,"Sister, I",0.8116642753312674
3,Accidentally Like a Martyr - Recorded at Spotify Studios NYC,0.9070228292579271
3,Nineveh,0.9104114901661758
3,The Mechanism Of All Temporary Things,0.9568465317788403
3,Singing In the Rain,0.9614296645630921
3,Save My Life - Radio Edit,0.9890963849625333
3,Missed,1.0423059302680229
3,Itamonte,1.1887133244427879
3,Omen III - Single Edit,1.2265918076179205
3,Off Your Face,1.230176091060977
3,Its Only The Beginning,1.2566751191723398
3,Guardians At the Gate,1.2634673456476246
3,Happy Birthday Helen,1.2769993616800188
3,Aafat,1.277783683468046
3,CU Again - Acoustic,1.325747482684442
3,"Oh, Susanna",1.3337659332515437
3,Locationships,1.376731320729221
3,Placebo,1.393316397718669
3,Howl - Live From Spotify Berlin,1.4381305742338002
3,Bebop,1.4424002087907877
3,I Won't Give Up,1.4427683371862539
3,Le twenty two bar,1.4439904502267085
3,Sweet Afternoon,1.4606914101608484
3,Hanen,1.4852116672617937
3,Coyote,1.4977833149125388
3,Celebrity Fit Club,1.5489190624881926
3,Reach For The Dead,1.5554230175840642
3,Lauralee,1.5716167648849917
4,Full Speed Hoover,1.7363222486251726
4,Cabin Pressure,1.872671443708519
4,Let's Read - 1,2.075019973599552
4,The Owl And The Pussycat,2.2974250629126485
4,Box Fan Sound,2.3714757748022786
4,Beef Lamb Pork,2.7426673801516928
4,Vacuum Sounds (White Noise),2.7775739915690605
4,Good Night How Are You?,3.0830671217462244
4,To Eat A Menu,3.174523093815865
4,White Noise: Electrical Appliances,3.7494241019734647
4,This Washed This Drycleaned,3.7877858834729348
4,Pink Noise for Meditation and Inner Peace,3.853020524577414
4,I Don't Speak Please Call Somebody Who Can Speak,4.057223224682584
4,I Understand I Do Not Understand Do You Understand?,4.071381747285048
4,Lines Written in Early Spring,4.223434512796627
4,Soft Sleep Waves,4.238451403002634
4,There Was An Old Man With A Gong,4.268008060933403
4,The Goring,4.356506964014143
4,Where When,4.382450343326867
4,Numbers One Two Three Four,4.5852593151016
4,White Noise: Two Fans,4.600878420406586
4,Please Write It Down Please Go And Ask,4.729922213294302
4,Intention,4.807844039964895
4,Good Bad,4.917180799889448
4,Peek-A-Boo - 1,4.975581177335901
4,Brown Noise with Binaural Beats - Theta - Loopable with No Fade,5.083719179574168
4,Deep Rain,5.154806853417638
4,Desiree's Baby By Kate Chopin,5.241244273543074
4,Let's Discover - 1,5.244542997884493
4,Courtesies Please,5.408986699978853
5,Take Another Five,0.5850006825126891
5,Tiki Tiki,0.6198396169541492
5,Juke Jam (feat. Justin Bieber & Towkio),0.632450488150342
5,"Down In A Hole - Live at the Majestic Theatre, Brooklyn, NY - April 1996",0.7509755120642878
5,Mambotjie,0.7566548993352605
5,Talk It Out - Live,0.7607709422739138
5,Noora,0.7800313497824231
5,Posing Like a Model,0.8004756828424676
5,Her Grace,0.8410495302831295
5,Give 'n' Take - acoustic,0.8440857239665825
5,Dem,0.904374064062442
5,Apocalypse,0.9305143214711087
5,That Look You Give That Guy,0.9530104085904669
5,Mister X,0.9580775460312498
5,"Take My Breath Away - Love Theme from ""Top Gun""",0.9878093563695688
5,I Won't Run From It,1.0090119167665708
5,Smile - Acoustic Version,1.0185682376336467
5,A Drive Through the Countryside,1.0395053823995342
5,Dirty Jokes,1.0660187101514835
5,Blind Igen,1.0872076519480687
5,Breakup Song,1.0930420215158045
5,Is This It,1.1101669636830427
5,You're In My Heart,1.1386610377977968
5,Laughin' or Crying,1.1489561180114705
5,The Games Up,1.1644922987007125
5,Just To See You Smile,1.1906177414960641
5,Get Out of My Life Woman,1.193633096795852
5,Vai,1.2181123399003821
5,Autopsia,1.2286294900565518
5,HONEY SLEEP WITH YOU,1.2328661039627584
6,Tired of Love,0.9195625450460324
6,Chances in the Air,0.9261437468603071
6,Here In Your Bedroom,0.9385986920101662
6,Ketemaw,1.026802148103985
6,Word of Mouth,1.0470248328629959
6,Everybody Needs You,1.0732732424197355
6,Whatta Man (feat. En Vogue) - EP Version,1.1500478151150448
6,Moi,1.308330123691287
6,Where's Tig?,1.3424663760440714
6,Driving With You,1.410576043599147
6,Fickle Game,1.474008797392022
6,Thankful,1.5158374385758457
6,Air Guitar,1.6260481343847142
6,Nara,1.747843966251955
6,The Room Where It Happens,1.7520321325152504
6,Better Place - Recorded at Spotify Studios NYC,1.754584256846342
6,Bat Out of Hell,1.7635310221776512
6,Music for Happiness,1.776206180806883
6,Warning,1.7825300039566794
6,Skylab Sunday,1.7912394517277614
6,Ugali,1.7960701241574881
6,Restoration (feat. Roddy & St Wiz),1.8487329637494014
6,Dusk to Dawn,1.8677385186273352
6,Wildflowers - Recorded at Spotify Studios NYC,1.8916141122930634
6,Carnations,1.9208583178266267
6,Planetas,1.925095331394417
6,Somebody Special,1.9440684395528098
6,Aqua,1.9540927338967056
6,King Of Love,1.9827855846022164
6,We Used to Know - 2001 Remaster,1.9921302933368557
7,Hayda La,0.736617744372647
7,Cala Bejor,1.0531419684731402
7,Cause Enough (with Aram),1.0976972389153912
7,Better - Rennie! Remix,1.2357988569378102
7,To Travel the Path Unknown,1.4036968192559254
7,Everybody Needs Somebody To Love,1.6021664734758854
7,Foolish,1.9190189133248599
7,Never Back Down,2.106026311824253
7,where u go,2.164502848203136
7,Migratoria,2.1885884490032974
7,Love Missile F1-11 - Ultraviolence Mix,2.3679936057569475
7,All of You,2.4695530480630294
7,Space,2.4848042480438735
7,Southern Hype,2.6290637157875905
7,Reality TV,2.793654300592232
7,American Music,2.81607497376268
7,Backslider,2.9484829601262743
7,Keep Warm,3.388287874379634
7,Night Running,3.4040943061122984
7,11:11,3.4070641814309184
7,Dame Amor,3.4461409323074097
7,Made in Colombia,3.4627121138178283
7,Immigrants (We Get The Job Done),3.480483318808467
7,Dime Que Si (SAVANA Remix),3.495743927482161
7,Donkey Kong Country (Live),3.536164580217338
7,The Proverbial Bellow,3.586421953867968
7,Steal My Sunshine,3.6304952690291503
7,Maybe Itâ€™s Not Our Fault,3.7298194478862445
7,African Girl,3.8097175006033237
7,"""sometimes you meet the right people at the wrong times""",3.846799286477316
8,Sensitive To A Smile,0.4288425827366529
8,For The Turnstiles,0.54090927582473
8,Grace,0.5939012972140547
8,Ricch Forever,0.6037071044180813
8,Put That Woman First,0.6921495038234112
8,Wind & Anchor,0.8103169273631736
8,Dear Love,0.8963497563380146
8,How's It Going to Be,0.9455880640913377
8,Ma Zone,0.9504677627958175
8,Cellphone Dub,0.983705733994714
8,Negrita,1.014425836737004
8,Economy of Freedom,1.0182650142582061
8,Egyptian Pools,1.0192757300111814
8,Call It Dreaming,1.0293080633961957
8,Goes,1.0724927907178183
8,My Back Pages,1.1062635782928025
8,Sweet Soul Music,1.1148378916309047
8,Bliss,1.1254691704899344
8,How Do You Want to Be Remembered,1.1618174001114194
8,Fire and the Flood - Acoustic,1.180333081139064
8,Sex,1.22562155548851
8,Ready to Call,1.2418183856836378
8,Praise The Lord (Da Shine) (feat. Skepta),1.2708832935046666
8,Inbibe,1.3212249931686737
8,Apnea,1.3648576159293961
8,My Remedy,1.3675817350921702
8,For Now,1.383298318807909
8,CAGED BIRDS,1.4029182132608908
8,Awakening the Kundalini: Cakra 1,1.4099619237645078
8,Islet,1.4195941074819745
9,Asas,0.4934048742157418
9,We Don't Know,0.5882210506922002
9,Forget,0.6283523808375628
9,Tide,0.6765209951511163
9,What Do We Do,0.6785690166673654
9,Circles,0.7231771371244093
9,What a Wonderful World,0.7446914366747819
9,Traversata,0.7775297224906257
9,Going for Home,0.7977905525244434
9,TURN,0.8335653952028745
9,She's Actin' Single (I'm Drinkin' Doubles),0.8436218660035202
9,Free Yourself,0.8521281492971242
9,Who's on the Playlist,0.8622281346831334
9,I Got My Mind Made Up (You Can Get It Girl),0.9244451113776199
9,Special Op (The Shield),0.9325226201149601
9,The Way You Look Tonight,0.951666144701256
9,Another Case,0.9607253126143936
9,Orion's Waltz,0.9818834755922654
9,Caminito,1.0053298720204664
9,Back to You (Luxar Brooklyn Dub),1.0476125427119882
9,Trinity 2 (feat. EEK),1.0737781613424253
9,That's the Way (I Like It) - Edit,1.1244252052320716
9,Hush - 2014 Remastered Version,1.2235315652866339
9,Cradle,1.2586401980753736
9,Walk This Way,1.2740825255602197
9,I'm Dreamin',1.2819933087544897
9,Diamonds on the Soles of Her Shoes,1.3124852123699264
9,cast a spell on her,1.360169921677865
9,Laps Around The Sun,1.4102705298902625
9,Tum Aa Gaye Ho Noor Aa Gaya,1.4284702397840174
